{"cameraMode":{"drawMode":0,"name":"Shaded","section":"Shading Mode"},"sceneLighting":true,"audioPlay":false,"sceneViewState":{"showFog":true,"showMaterialUpdate":false,"showSkybox":true,"showFlares":true,"showImageEffects":true,"showParticleSystems":true},"in2DMode":false,"pivot":{"x":-0.37560486793518069,"y":2.602236747741699,"z":6.415735244750977},"rotation":{"x":0.03473418205976486,"y":0.05813188478350639,"z":-0.0020238717552274467,"w":0.9977033734321594},"size":8.181784629821778,"orthographic":false}